feature,importance
amt,0.4418548
trans_hour,0.1731964
category,0.10589331
street,0.032312434
zip,0.031041212
age,0.026676307
trans_dayofweek,0.022453072
trans_month,0.020245232
city,0.019644177
gender,0.01836325
merchant,0.018185755
job,0.015028128
city_pop,0.0143314805
state,0.010869002
trans_day,0.010511562
merch_lat,0.010141086
long,0.009947484
merch_long,0.009829708
lat,0.009475633
