feature,importance
amt,1292.18017578125
trans_hour,510.2068786621094
category,307.2073059082031
age,170.5200653076172
merchant,130.50909423828125
zip,122.14657592773438
gender,107.44127655029297
city,105.14746856689453
street,76.94641876220703
trans_month,57.37199020385742
city_pop,39.71579360961914
state,30.28355598449707
lat,28.783781051635742
merch_long,0.0
merch_lat,0.0
trans_dayofweek,0.0
long,0.0
trans_day,0.0
job,0.0
