feature,importance
amt,0.43886948
trans_hour,0.17259642
category,0.10359296
street,0.035014555
zip,0.02959791
age,0.025241785
trans_month,0.024346152
city,0.023671772
merchant,0.02044362
trans_dayofweek,0.020383965
gender,0.017587828
job,0.014191397
city_pop,0.013610035
state,0.011623379
long,0.010480494
trans_day,0.010203625
merch_long,0.009977937
lat,0.009467447
merch_lat,0.009099205
