{
    "optimal_threshold": 0.8899999999999996,
    "training": {
        "roc_auc": 0.9995030590167746,
        "pr_auc": 0.9691995635033422,
        "f1_score": 0.8977106297695213,
        "sensitivity": 0.9282639885222381,
        "specificity": 0.9985356266833196,
        "precision": 0.8691044776119403,
        "confusion_matrix": {
            "tn": 1196028,
            "fp": 1754,
            "fn": 900,
            "tp": 11646
        }
    },
    "validation_pure": {
        "roc_auc": 0.9981879267240839,
        "pr_auc": 0.9068932922358607,
        "f1_score": 0.8072866730584851,
        "sensitivity": 0.8722375690607734,
        "specificity": 0.9984877646411878,
        "precision": 0.7513384889946461,
        "confusion_matrix": {
            "tn": 275994,
            "fp": 418,
            "fn": 185,
            "tp": 1263
        }
    },
    "validation_synthetic": {
        "roc_auc": 0.9987780977449148,
        "pr_auc": 0.9532101251149918,
        "f1_score": 0.883423180592992,
        "sensitivity": 0.9053867403314917,
        "specificity": 0.9984877646411878,
        "precision": 0.8625,
        "confusion_matrix": {
            "tn": 275994,
            "fp": 418,
            "fn": 274,
            "tp": 2622
        }
    },
    "test": {
        "roc_auc": 0.9984374291130248,
        "pr_auc": 0.9123634703489651,
        "f1_score": 0.8068587758990236,
        "sensitivity": 0.877720207253886,
        "specificity": 0.9984398275398929,
        "precision": 0.746584398413398,
        "confusion_matrix": {
            "tn": 367974,
            "fp": 575,
            "fn": 236,
            "tp": 1694
        }
    },
    "training_params": {
        "synthetic_ratio": 1.0,
        "synthetic_weight": 0.5,
        "best_trees_pure": 50,
        "best_trees_synthetic": 50,
        "scale_pos_weight": 95.47122588872948,
        "learning_rate": 0.05,
        "max_depth": 5
    }
}