feature,importance
amt,1119.127685546875
trans_hour,465.66607666015625
category,296.57330322265625
age,188.6007843017578
merchant,144.1888427734375
gender,98.21784210205078
zip,84.74970245361328
city_pop,58.48737335205078
street,50.40338134765625
city,47.58133316040039
state,30.63949203491211
trans_month,26.26544761657715
lat,4.8595733642578125
merch_long,0.0
merch_lat,0.0
trans_dayofweek,0.0
long,0.0
trans_day,0.0
job,0.0
