{
    "optimal_threshold": 0.3999999999999998,
    "training": {
        "roc_auc": 0.9653632381753453,
        "pr_auc": 0.7660174143184235,
        "f1_score": 0.6941419556597979,
        "sensitivity": 0.5513173068393507,
        "specificity": 0.9996501867618649,
        "precision": 0.9368405185408502,
        "confusion_matrix": {
            "tn": 1197363,
            "fp": 419,
            "fn": 5058,
            "tp": 6215
        }
    },
    "validation_pure": {
        "roc_auc": 0.9660769619024145,
        "pr_auc": 0.730162498892385,
        "f1_score": 0.7333333333333333,
        "sensitivity": 0.6153314917127072,
        "specificity": 0.9996707812974834,
        "precision": 0.9073319755600815,
        "confusion_matrix": {
            "tn": 276321,
            "fp": 91,
            "fn": 557,
            "tp": 891
        }
    },
    "validation_synthetic": {
        "roc_auc": 0.9660769619024145,
        "pr_auc": 0.730162498892385,
        "f1_score": 0.7333333333333333,
        "sensitivity": 0.6153314917127072,
        "specificity": 0.9996707812974834,
        "precision": 0.9073319755600815,
        "confusion_matrix": {
            "tn": 276321,
            "fp": 91,
            "fn": 557,
            "tp": 891
        }
    },
    "test": {
        "roc_auc": 0.9700376481318552,
        "pr_auc": 0.7495189829211734,
        "f1_score": 0.7544288332315211,
        "sensitivity": 0.6398963730569949,
        "specificity": 0.9997042455684318,
        "precision": 0.9188988095238095,
        "confusion_matrix": {
            "tn": 368440,
            "fp": 109,
            "fn": 695,
            "tp": 1235
        }
    }
}