Feature,Importance
amt,0.43064043
trans_hour,0.17976983
category,0.12588993
age,0.03265815
gender,0.027863199
street,0.025150348
zip,0.024101058
merchant,0.0170462
city_pop,0.016422084
trans_month,0.014713998
city,0.014342127
trans_dayofweek,0.011931644
lat,0.011848114
state,0.011819808
job,0.011642303
long,0.011619935
merch_long,0.0109353475
trans_day,0.010915218
merch_lat,0.010690249
